<?xml version="1.0" encoding="UTF-8" standalone="true"?>
<FileZilla3> 
    <Servers> 
        <Server> 
            <Host>ftp.careholidays.in</Host> 
            <Port>21</Port> 
            <Protocol>ftp</Protocol> 
            <Type>0</Type> 
            <User>careh7ul@careholidays.in</User>
            <Logontype>2</Logontype> 
            <TimezoneOffset>0</TimezoneOffset> 
            <PasvMode>MODE_DEFAULT</PasvMode> 
            <MaximumMultipleConnections>0</MaximumMultipleConnections> 
            <EncodingType>Auto</EncodingType> 
            <BypassProxy>0</BypassProxy> 
            <Name>ftp.careholidays.in</Name> 
            <Comments/> 
            <LocalDir/> 
            <RemoteDir/> 
            <SyncBrowsing>0</SyncBrowsing>
            ftp.careholidays.in 
        </Server> 
    </Servers> 
</FileZilla3>
